,user_id,condition,post_num,user_type,rec_mean_interactions,rec_median_interactions,rec_popularity_lift,rec_jensen_shannon,rec_head_ratio,rec_mid_ratio,rec_tail_ratio,prof_mean_interactions,prof_median_interactions,prof_num_interactions,prof_head_ratio,prof_mid_ratio,prof_tail_ratio,time_spent,choice_mean_interactions,choice_median_interactions,choice_popularity_lift,choice_jensen_shannon,choice_head_ratio,choice_mid_ratio,choice_tail_ratio,Q_MusicalSophistication,Q_MusicalEngagement,Q_Perceived_Popularity,Q_PerceivedFairness,Q_Discovery,Q_Familiarity,Q_PerceivedRecommendationQuality,Q_RecommendationSatisfaction,Q_ChoiceSatisfaction,Q_PerceivedSystemEffectiveness,Q_OpennessSimilarRecommendations,Q_UseIntention,Q_ChoiceListeningIntention
0,38X219FT3Y,cp,0,Diverse,586.24,292.0,-0.1986823676858403,0.0072292495431353,0.16,0.6,0.24,731.5950334288443,138.0,1047,0.1537726838586437,0.5176695319961796,0.3285577841451766,255,605.4,487.0,-0.17249301548343302,0.11026630835522519,0.0,0.8,0.2,1.1666666666666665,-0.4444444444444444,-0.4,1.0,0.8,1.0,2.142857142857143,1.8571428571428568,1.875,1.9999999999999996,2.1999999999999997,2.0,2.0
1,38X219FT3Y,fair,1,Diverse,93.24,51.0,-0.8725524426225227,0.3112236512053622,0.0,0.08,0.92,731.5950334288443,138.0,1047,0.1537726838586437,0.5176695319961796,0.3285577841451766,298,277.0,53.0,-0.621375231729288,0.11138481345748888,0.0,0.4,0.6,1.1666666666666665,-0.4444444444444444,-1.6,0.3333333333333333,1.0,-0.8,1.4285714285714286,0.5714285714285714,1.25,1.714285714285714,1.0,2.0,1.5
2,38X219FT3Y,base,2,Diverse,670.36,542.0,-0.0837007232564818,0.2000534443019266,0.12,0.88,0.0,731.5950334288443,138.0,1047,0.1537726838586437,0.5176695319961796,0.3285577841451766,162,646.0,487.0,-0.11699783284158856,0.297422931418087,0.0,1.0,0.0,1.1666666666666665,-0.4444444444444444,-1.2000000000000002,-0.3333333333333333,0.8,0.2,1.714285714285714,1.2857142857142856,1.375,1.9999999999999996,0.8,2.0,2.0
3,OEVQITG1UM,fair,0,Diverse,115.72,50.0,-0.8532627633130853,0.2071032463522153,0.0,0.08,0.92,788.6205479452054,62.0,730,0.1438356164383561,0.3904109589041096,0.4657534246575342,419,48.2,51.0,-0.938880618663072,0.33899948932957213,0.0,0.0,1.0,-0.8888888888888891,-0.7777777777777779,1.0,-0.3333333333333333,-0.19999999999999996,1.2,1.9999999999999996,0.5714285714285714,1.0,2.0,0.8,0.6666666666666666,2.5
4,OEVQITG1UM,cp,1,Diverse,539.88,445.0,-0.3154122075481202,0.0167939821690089,0.16,0.52,0.32,788.6205479452054,62.0,730,0.1438356164383561,0.3904109589041096,0.4657534246575342,191,209.0,212.0,-0.7349802759456863,0.08983910608964868,0.0,0.6,0.4,-0.8888888888888891,-0.7777777777777779,0.8,0.3333333333333333,-1.7999999999999998,0.7999999999999999,-1.2857142857142856,-1.8571428571428568,-1.5,-0.7142857142857142,-0.20000000000000007,-1.0,-1.0
5,OEVQITG1UM,base,2,Diverse,710.6,677.0,-0.0989329382153334,0.3447513306320992,0.04,0.96,0.0,788.6205479452054,62.0,730,0.1438356164383561,0.3904109589041096,0.4657534246575342,139,1065.6,1037.0,0.35122018158984036,0.28808335645809136,0.2,0.8,0.0,-0.8888888888888891,-0.7777777777777779,0.2,-0.6666666666666666,-1.0,0.9999999999999999,-1.1428571428571428,-1.5714285714285712,-1.5,-0.7142857142857142,-1.0,-0.6666666666666666,-2.0
6,Z906VCU2V3,cp,0,Niche,473.92,294.0,-0.1078335671657417,0.0056214462479644,0.12,0.56,0.32,531.2013348164627,96.0,899,0.0945494994438264,0.5027808676307007,0.4026696329254727,170,320.6,160.0,-0.3964623599623075,0.05037306278151547,0.0,0.6,0.4,-1.1666666666666667,0.6666666666666667,-1.6,1.0,1.6,-1.8,2.8571428571428568,2.4285714285714284,2.125,2.2857142857142856,2.0000000000000004,0.3333333333333333,2.0
7,Z906VCU2V3,fair,1,Niche,78.04,50.0,-0.8530877185635012,0.2454817711362764,0.0,0.08,0.92,531.2013348164627,96.0,899,0.0945494994438264,0.5027808676307007,0.4026696329254727,110,42.4,44.0,-0.9201809234635117,0.39340744378812176,0.0,0.0,1.0,-1.1666666666666667,0.6666666666666667,-1.4,0.3333333333333333,1.7999999999999998,-1.6,2.2857142857142856,0.9999999999999998,1.375,1.8571428571428568,2.8000000000000003,0.0,2.0
8,Z906VCU2V3,base,2,Niche,642.84,499.0,0.2101626217150038,0.2400156775294154,0.12,0.88,0.0,531.2013348164627,96.0,899,0.0945494994438264,0.5027808676307007,0.4026696329254727,146,539.2,294.0,0.015057690294210203,0.2399310334702512,0.2,0.8,0.0,-1.1666666666666667,0.6666666666666667,-1.6,2.333333333333333,-1.2,-1.4000000000000001,-0.42857142857142855,-2.4285714285714284,-1.75,-1.2857142857142856,-0.8,-2.0,-2.5
9,VK4SJEZ4YH,base,0,Niche,480.92,456.0,-0.3068497879286812,0.2423042322046185,0.0,1.0,0.0,693.817864619679,182.0,1433,0.1256106071179344,0.5917655268667132,0.2826238660153524,581,425.2,373.0,-0.38715904896297776,0.24230423220461855,0.0,1.0,0.0,-1.5555555555555556,0.4444444444444444,0.6000000000000001,0.3333333333333333,-0.4,0.2,-0.5714285714285714,-0.9999999999999998,-0.125,-0.5714285714285714,-1.4,-1.0,-1.0
10,VK4SJEZ4YH,fair,1,Niche,242.16,56.0,-0.650974683200552,0.0927199565198922,0.0,0.48,0.52,693.817864619679,182.0,1433,0.1256106071179344,0.5917655268667132,0.2826238660153524,1252,82.8,54.0,-0.8806603227989995,0.22882089699199887,0.0,0.2,0.8,-1.5555555555555556,0.4444444444444444,-1.4,0.3333333333333333,1.2,-1.0,1.4285714285714284,0.9999999999999998,1.0,0.2857142857142857,-0.2,0.6666666666666666,1.0
11,VK4SJEZ4YH,cp,2,Niche,503.44,366.0,-0.274391701810728,0.007382868011651,0.12,0.68,0.2,693.817864619679,182.0,1433,0.1256106071179344,0.5917655268667132,0.2826238660153524,72,380.6,339.0,-0.45144104900119786,0.07921151460373907,0.0,0.8,0.2,-1.5555555555555556,0.4444444444444444,-1.0,0.3333333333333333,-1.0,0.2,0.0,-0.7142857142857142,0.125,-0.42857142857142855,-1.0,0.0,0.5
12,TXY6NZALCS,fair,0,Diverse,111.24,46.0,-0.8521699386287095,0.2608275509900031,0.0,0.08,0.92,752.485651214128,103.0,453,0.1368653421633554,0.4746136865342163,0.3885209713024282,139,297.0,50.0,-0.6053080885717973,0.16240573770766376,0.0,0.2,0.8,-0.1111111111111111,0.2222222222222222,0.4,0.3333333333333333,2.2,0.0,2.571428571428571,1.9999999999999996,2.375,1.7142857142857142,1.2000000000000002,2.0,3.0
13,TXY6NZALCS,base,1,Diverse,938.76,881.0,0.2475453830718502,0.2519134595319442,0.08,0.92,0.0,752.485651214128,103.0,453,0.1368653421633554,0.4746136865342163,0.3885209713024282,60,960.8,418.0,0.2768349781152091,0.22884709400993863,0.2,0.8,0.0,-0.1111111111111111,0.2222222222222222,1.4,1.0,1.2000000000000002,1.2,2.571428571428571,2.7142857142857135,2.75,2.285714285714285,1.7999999999999998,1.3333333333333333,3.0
14,TXY6NZALCS,cp,2,Diverse,890.12,881.0,0.1829062767692651,0.0095773422308688,0.16,0.56,0.28,752.485651214128,103.0,453,0.1368653421633554,0.4746136865342163,0.3885209713024282,51,1028.2,881.0,0.36640479235851175,0.33171316713225,0.0,1.0,0.0,-0.1111111111111111,0.2222222222222222,1.0,2.0,1.6,1.0,2.8571428571428568,2.5714285714285707,2.5,2.571428571428571,2.0,2.0,2.5
15,9SJYDK30YP,base,0,Diverse,700.76,684.0,-0.2373997031723679,0.2658137215386182,0.04,0.96,0.0,918.9086378737542,152.5,1204,0.196843853820598,0.4742524916943522,0.3289036544850498,582,953.6,856.0,0.03775278705238592,0.19483130678377664,0.2,0.8,0.0,-2.1111111111111116,-1.5555555555555554,-0.8,1.0,-1.0000000000000002,0.6000000000000001,1.7142857142857142,-0.14285714285714285,2.125,0.857142857142857,0.6000000000000001,-0.6666666666666666,3.0
16,X7JBGVG2UP,base,0,Diverse,725.88,656.0,-0.0032775125462391,0.1857829588012678,0.04,0.96,0.0,728.2669039145908,204.0,1686,0.1470937129300118,0.5919335705812574,0.2609727164887307,525,689.2,554.0,-0.053643662377897104,0.24218429870669028,0.0,1.0,0.0,-1.5,1.222222222222222,-1.4,1.0,1.6,-2.0,2.4285714285714284,1.4285714285714284,1.5,1.857142857142857,2.2,0.6666666666666666,3.0
17,9SJYDK30YP,fair,1,Diverse,91.12,46.0,-0.9008388905660514,0.3155767457954602,0.0,0.08,0.92,918.9086378737542,152.5,1204,0.196843853820598,0.4742524916943522,0.3289036544850498,343,206.8,51.0,-0.7749504232776495,0.21296725546604595,0.0,0.2,0.8,-2.1111111111111116,-1.5555555555555554,-2.2,-0.3333333333333333,-0.6000000000000001,-0.6000000000000001,-1.0,-1.5714285714285712,0.125,-1.1428571428571426,-2.0,-3.0,0.0
18,9SJYDK30YP,cp,2,Diverse,715.6,684.0,-0.221250110722853,0.0076075646186866,0.2,0.56,0.24,918.9086378737542,152.5,1204,0.196843853820598,0.4742524916943522,0.3289036544850498,111,1188.2,1269.0,0.29305564343083573,0.19521924441793584,0.4,0.6,0.0,-2.1111111111111116,-1.5555555555555554,-0.2,1.3333333333333333,0.6000000000000001,0.0,1.5714285714285714,0.857142857142857,1.25,1.4285714285714284,1.6,-0.3333333333333333,2.5
19,X7JBGVG2UP,fair,1,Diverse,367.44,54.0,-0.4954597029949718,0.1125460686212578,0.04,0.32,0.64,728.2669039145908,204.0,1686,0.1470937129300118,0.5919335705812574,0.2609727164887307,380,112.2,49.0,-0.8459356049315149,0.250217887517977,0.0,0.2,0.8,-1.5,1.222222222222222,-2.2,1.0,1.4,-1.7999999999999998,2.4285714285714284,2.142857142857143,1.625,1.7142857142857142,2.0,1.0,3.0
20,X7JBGVG2UP,cp,2,Diverse,767.28,752.0,0.0535697776127205,0.0037895941959151,0.16,0.64,0.2,728.2669039145908,204.0,1686,0.1470937129300118,0.5919335705812574,0.2609727164887307,132,555.4,554.0,-0.23736751318149174,0.0877238095492793,0.0,0.8,0.2,-1.5,1.222222222222222,-1.0,1.0,1.8,-0.2,2.142857142857143,1.9999999999999996,1.75,1.4285714285714284,2.0,0.6666666666666666,3.0
21,P0V21X6PEW,base,0,Niche,446.84,404.0,-0.1422587582118724,0.2464222057932353,0.0,1.0,0.0,520.9496503496504,132.0,715,0.0937062937062937,0.586013986013986,0.3202797202797203,161,467.2,352.0,-0.10317628644836359,0.24642220579323532,0.0,1.0,0.0,-1.222222222222222,-5.551115123125783e-17,0.2,0.33333333333333337,-1.2000000000000002,1.5999999999999999,0.9999999999999998,0.8571428571428572,1.375,-1.7142857142857144,3.0000000000000004,-3.0,1.5
22,P0V21X6PEW,cp,1,Niche,443.04,352.0,-0.1495531291696981,0.0022237201527614,0.08,0.64,0.28,520.9496503496504,132.0,715,0.0937062937062937,0.586013986013986,0.3202797202797203,78,520.4,379.0,-0.0010550930388022687,0.24642220579323532,0.0,1.0,0.0,-1.222222222222222,-5.551115123125783e-17,0.6,0.0,-2.6,1.4,0.5714285714285714,-1.0,0.0,-2.9999999999999996,1.0,-3.0,1.0
23,P0V21X6PEW,fair,2,Niche,86.2,48.0,-0.8345329535356356,0.3125700154327278,0.0,0.08,0.92,520.9496503496504,132.0,715,0.0937062937062937,0.586013986013986,0.3202797202797203,105,46.0,44.0,-0.9116997199842138,0.4723418644010132,0.0,0.0,1.0,-1.222222222222222,-5.551115123125783e-17,-0.8,0.0,-3.0000000000000004,0.8,-1.7142857142857142,-2.4285714285714284,-0.375,-2.9999999999999996,0.6000000000000001,-3.0,1.0
24,DBJ2VO1P3O,fair,0,Diverse,140.44,48.0,-0.7963938246364286,0.2261609106853081,0.0,0.08,0.92,689.7629688747007,75.0,1253,0.13487629688747,0.4293695131683958,0.435754189944134,582,302.4,53.0,-0.5615885258477357,0.07724690041355048,0.0,0.4,0.6,-0.7222222222222222,0.1111111111111111,-1.6,-0.3333333333333333,-0.6000000000000001,0.8,0.14285714285714285,-0.9999999999999999,1.75,0.2857142857142857,1.0,-1.0,1.0
25,DBJ2VO1P3O,base,1,Diverse,608.6,508.0,-0.1176679128007006,0.3698135029873451,0.0,1.0,0.0,689.7629688747007,75.0,1253,0.13487629688747,0.4293695131683958,0.435754189944134,339,471.2,278.0,-0.3168667770484558,0.3698135029873451,0.0,1.0,0.0,-0.7222222222222222,0.1111111111111111,-0.2,2.0,-0.4,2.8000000000000003,2.4285714285714284,1.4285714285714284,2.375,0.9999999999999999,0.8,1.0,3.0
26,DBJ2VO1P3O,cp,2,Diverse,580.16,396.0,-0.158899468107878,0.0060436223280456,0.12,0.52,0.36,689.7629688747007,75.0,1253,0.13487629688747,0.4293695131683958,0.435754189944134,170,701.4,396.0,0.01687105810316874,0.2634087158555435,0.2,0.8,0.0,-0.7222222222222222,0.1111111111111111,0.0,0.6666666666666666,-0.8,2.4000000000000004,1.7142857142857142,0.9999999999999999,2.125,0.5714285714285714,1.6,0.0,3.0
27,GALWQ910RA,base,0,Niche,737.72,678.0,0.7375501196194434,0.2948467619190697,0.12,0.88,0.0,424.5748031496063,63.0,1016,0.0738188976377952,0.4478346456692913,0.4783464566929133,548,980.2,909.0,1.3086626731700082,0.29729720696159645,0.2,0.8,0.0,0.27777777777777773,-0.9999999999999999,0.4,0.0,-0.8,1.8,1.1428571428571428,0.5714285714285714,1.0,0.857142857142857,1.0,0.3333333333333333,0.5
28,GALWQ910RA,fair,1,Niche,89.88,49.0,-0.7883058548617422,0.1900336043045067,0.0,0.08,0.92,424.5748031496063,63.0,1016,0.0738188976377952,0.4478346456692913,0.4783464566929133,438,278.0,55.0,-0.3452272769421932,0.04284380340034577,0.0,0.4,0.6,0.27777777777777773,-0.9999999999999999,-1.7999999999999998,-0.6666666666666666,0.6000000000000001,-1.6,-0.857142857142857,-1.4285714285714284,-0.625,-0.42857142857142855,0.0,-0.3333333333333333,0.5
29,GALWQ910RA,cp,2,Niche,514.92,252.0,0.2127898221472153,0.0045560246215591,0.08,0.52,0.4,424.5748031496063,63.0,1016,0.0738188976377952,0.4478346456692913,0.4783464566929133,238,570.8,899.0,0.3444038500769644,0.04743134978026983,0.0,0.6,0.4,0.27777777777777773,-0.9999999999999999,-1.2,-0.3333333333333333,0.2,-1.2000000000000002,-0.5714285714285714,-0.9999999999999998,-0.375,0.2857142857142857,0.6000000000000001,0.0,0.5
30,GO0FBQPQ37,fair,0,Diverse,725.6,729.0,-0.5126220236113248,0.0215058411360434,0.16,0.6,0.24,1488.782905982906,475.5,1170,0.3017094017094017,0.5230769230769231,0.1752136752136752,566,2515.0,729.0,0.6892993531112434,0.01150947224501367,0.4,0.4,0.2,-0.4444444444444444,-0.1111111111111111,-1.2000000000000002,1.0,-0.8,-0.2,0.0,-1.4285714285714284,1.25,0.5714285714285714,-0.2,0.6666666666666666,0.5
31,GO0FBQPQ37,base,1,Diverse,963.08,913.0,-0.3531091765429915,0.1161555373187913,0.2,0.8,0.0,1488.782905982906,475.5,1170,0.3017094017094017,0.5230769230769231,0.1752136752136752,398,2810.6,1393.0,0.8878507999421313,0.09449056233600533,0.4,0.6,0.0,-0.4444444444444444,-0.1111111111111111,-1.2000000000000002,0.6666666666666666,-0.8,0.2,0.2857142857142857,-0.5714285714285714,0.875,0.14285714285714285,0.6000000000000001,-0.3333333333333333,1.5
32,GO0FBQPQ37,cp,2,Diverse,965.52,950.0,-0.351470253910152,0.0043947448122428,0.32,0.56,0.12,1488.782905982906,475.5,1170,0.3017094017094017,0.5230769230769231,0.1752136752136752,729,2763.0,1969.0,0.855878374809688,0.09081235791125368,0.6,0.2,0.2,-0.4444444444444444,-0.1111111111111111,-1.4,1.0,0.0,0.2,0.5714285714285714,-0.14285714285714285,0.875,0.14285714285714285,0.8,0.0,1.5
33,4JN9C5HJU4,fair,0,Diverse,123.56,47.0,-0.8355159095448887,0.2425918175761633,0.0,0.08,0.92,751.1972717733473,100.0,953,0.1521511017838405,0.4323189926547744,0.4155299055613851,366,341.0,47.0,-0.5460579892749036,0.08868128213823492,0.0,0.4,0.6,-0.8333333333333333,-0.7777777777777777,-1.2000000000000002,1.3333333333333333,1.2000000000000002,-0.4,0.9999999999999999,0.9999999999999998,1.625,1.1428571428571428,1.2,1.0,1.5
34,4JN9C5HJU4,base,1,Diverse,539.0,417.0,-0.2824787572409766,0.3069044051691322,0.04,0.96,0.0,751.1972717733473,100.0,953,0.1521511017838405,0.4323189926547744,0.4155299055613851,159,688.0,784.0,-0.08412872909423362,0.36725979761030536,0.0,1.0,0.0,-0.8333333333333333,-0.7777777777777777,1.2000000000000002,1.0,-0.2,2.2,2.2857142857142856,1.4285714285714284,2.0,0.9999999999999998,1.6,1.0,2.0
35,4JN9C5HJU4,cp,2,Diverse,599.8,236.0,-0.2015412960911647,0.0024056858478315,0.16,0.48,0.36,751.1972717733473,100.0,953,0.1521511017838405,0.4323189926547744,0.4155299055613851,137,660.2,417.0,-0.12113631823839098,0.0029116063654518326,0.2,0.4,0.4,-0.8333333333333333,-0.7777777777777777,0.6000000000000001,1.0,1.2,1.0,1.5714285714285714,1.1428571428571428,1.5,0.8571428571428571,2.0,2.0,2.5
36,606AAQAJU6,fair,0,Diverse,144.04,48.0,-0.8415667608416862,0.2603897857777987,0.0,0.08,0.92,909.1526548672566,105.0,1356,0.1674041297935103,0.4387905604719764,0.3938053097345133,327,537.8,43.0,-0.40846017759413245,0.09989192407731373,0.0,0.4,0.6,-0.8333333333333333,-1.1111111111111112,0.2,0.3333333333333333,1.0,0.2,0.9999999999999999,-0.2857142857142857,0.75,1.1428571428571428,1.0,0.6666666666666666,2.0
37,606AAQAJU6,cp,1,Diverse,826.76,971.0,-0.0906257650199422,0.0104943315353676,0.2,0.52,0.28,909.1526548672566,105.0,1356,0.1674041297935103,0.4387905604719764,0.3938053097345133,450,992.2,1191.0,0.09134587540182566,0.05930853547765394,0.4,0.4,0.2,-0.8333333333333333,-1.1111111111111112,1.0,0.3333333333333333,1.0,1.0,0.857142857142857,0.14285714285714285,0.625,1.1428571428571428,2.0,1.0,1.0
38,D3SW55DCFH,cp,0,Niche,649.92,487.0,0.1524734702073188,0.0029762253825772,0.12,0.64,0.24,563.934890304317,153.0,1413,0.1068648266100495,0.5966029723991507,0.2965322009907997,425,753.0,467.0,0.33526052908990517,0.16934576182268551,0.2,0.8,0.0,-0.7777777777777777,-0.2222222222222222,-0.6000000000000001,0.3333333333333333,1.2000000000000002,0.6000000000000001,1.2857142857142854,0.7142857142857142,0.75,0.42857142857142855,1.0,1.0,1.0
39,606AAQAJU6,base,2,Diverse,903.64,926.0,-0.0060635085183373,0.2990087736205792,0.04,0.96,0.0,909.1526548672566,105.0,1356,0.1674041297935103,0.4387905604719764,0.3938053097345133,298,844.6,959.0,-0.07100309779844595,0.3616920021953802,0.0,1.0,0.0,-0.8333333333333333,-1.1111111111111112,0.6000000000000001,0.3333333333333333,1.0,0.2,0.857142857142857,-0.14285714285714285,0.625,0.7142857142857142,1.0,1.0,1.0
40,D3SW55DCFH,fair,1,Niche,104.12,49.0,-0.8153687565885247,0.3352796324697059,0.0,0.08,0.92,563.934890304317,153.0,1413,0.1068648266100495,0.5966029723991507,0.2965322009907997,206,217.0,108.0,-0.6152038050298679,0.05899983846521536,0.0,0.6,0.4,-0.7777777777777777,-0.2222222222222222,-0.6000000000000001,-0.3333333333333333,0.6000000000000001,-0.6000000000000001,0.0,-0.7142857142857142,-0.25,0.5714285714285714,1.0,1.0,-1.0
41,D3SW55DCFH,base,2,Niche,719.88,610.0,0.2765303448622057,0.1747280594552704,0.08,0.92,0.0,563.934890304317,153.0,1413,0.1068648266100495,0.5966029723991507,0.2965322009907997,132,774.4,610.0,0.373208172280508,0.16934576182268551,0.2,0.8,0.0,-0.7777777777777777,-0.2222222222222222,0.2,0.3333333333333333,1.0,-0.2,0.857142857142857,0.9999999999999998,1.0,1.1428571428571428,1.0,1.0,1.0
42,WFNW44VV09,fair,0,Diverse,62.16,47.0,-0.9085070922628212,0.2149012161379606,0.0,0.08,0.92,679.396923076923,82.0,325,0.1353846153846153,0.4123076923076923,0.4523076923076923,134,95.4,47.0,-0.8595813481639826,0.07526050315764732,0.0,0.4,0.6,0.7777777777777779,0.4444444444444445,1.2000000000000002,-1.3333333333333333,1.0,-1.0,1.0,1.1428571428571428,0.875,0.9999999999999998,1.4,1.3333333333333333,1.5
43,VIUZHWXV9T,base,0,Niche,452.64,321.0,-0.1897759143052781,0.2100716764753722,0.08,0.92,0.0,558.6602620087336,122.0,1145,0.1126637554585152,0.5423580786026201,0.3449781659388646,302,505.8,201.0,-0.09461969215184174,0.2785416559287406,0.0,1.0,0.0,1.6111111111111112,1.7777777777777781,-0.4,0.3333333333333333,1.0,0.4,2.142857142857143,1.4285714285714284,1.875,1.714285714285714,1.7999999999999998,1.6666666666666665,2.5
44,WFNW44VV09,base,1,Diverse,387.44,249.0,-0.4297295338852556,0.3269938170792758,0.04,0.96,0.0,679.396923076923,82.0,325,0.1353846153846153,0.4123076923076923,0.4523076923076923,125,323.2,277.0,-0.5242839803626745,0.38478946376169354,0.0,1.0,0.0,0.7777777777777779,0.4444444444444445,-0.2,0.3333333333333333,1.4,-0.4,1.7142857142857142,0.5714285714285714,1.125,1.4285714285714284,1.6,1.3333333333333333,1.0
45,VIUZHWXV9T,fair,1,Niche,78.68,48.0,-0.8591630632236198,0.293120131610241,0.0,0.08,0.92,558.6602620087336,122.0,1145,0.1126637554585152,0.5423580786026201,0.3449781659388646,188,48.2,48.0,-0.9137221612529038,0.4476113046676792,0.0,0.0,1.0,1.6111111111111112,1.7777777777777781,-0.8,-0.3333333333333333,1.4,0.0,1.2857142857142856,0.14285714285714285,0.75,0.9999999999999998,0.8,1.3333333333333333,1.5
46,WFNW44VV09,cp,2,Diverse,357.72,144.0,-0.4734742124236879,0.0033469798498688,0.12,0.48,0.4,679.396923076923,82.0,325,0.1353846153846153,0.4123076923076923,0.4523076923076923,50,155.2,134.0,-0.7715621093820764,0.38478946376169354,0.0,1.0,0.0,0.7777777777777779,0.4444444444444445,1.4,-1.6666666666666667,1.7999999999999998,0.4,1.5714285714285712,1.714285714285714,1.125,1.2857142857142856,1.0,1.0,1.0
47,PCM06WWBZD,cp,0,Niche,353.72,191.0,0.2032537444706004,0.0019537080664384,0.04,0.56,0.4,293.96958174904944,69.0,789,0.0430925221799746,0.5082382762991128,0.4486692015209125,369,263.4,146.0,-0.1039889282665495,0.025296845515798333,0.0,0.6,0.4,2.7755575615628914e-17,0.5555555555555556,0.2,0.3333333333333333,0.6000000000000001,-0.2,-0.42857142857142855,-0.42857142857142855,-0.375,-0.7142857142857142,1.0,-1.0,0.0
48,VIUZHWXV9T,cp,2,Niche,439.4,269.0,-0.213475470010912,0.0035739355255581,0.12,0.6,0.28,558.6602620087336,122.0,1145,0.1126637554585152,0.5423580786026201,0.3449781659388646,75,334.2,185.0,-0.4017831180647401,0.058848259159283704,0.0,0.6,0.4,1.6111111111111112,1.7777777777777781,0.4,1.3333333333333333,1.2,0.6000000000000001,1.5714285714285712,0.9999999999999998,2.0,1.714285714285714,1.2,1.6666666666666665,2.0
49,PCM06WWBZD,fair,1,Niche,72.08,49.0,-0.7548045632097681,0.2066972956294712,0.0,0.08,0.92,293.96958174904944,69.0,789,0.0430925221799746,0.5082382762991128,0.4486692015209125,156,42.6,41.0,-0.855087047623975,0.3532849200704944,0.0,0.0,1.0,2.7755575615628914e-17,0.5555555555555556,0.6000000000000001,1.3333333333333333,1.4000000000000001,1.7999999999999998,1.9999999999999996,2.1428571428571423,2.125,0.5714285714285714,2.0,0.3333333333333333,2.0
50,PCM06WWBZD,base,2,Niche,475.48,325.0,0.6174462581162532,0.3047816045285527,0.0,1.0,0.0,293.96958174904944,69.0,789,0.0430925221799746,0.5082382762991128,0.4486692015209125,123,607.8,232.0,1.067560855731174,0.28761776383962867,0.2,0.8,0.0,2.7755575615628914e-17,0.5555555555555556,0.6000000000000001,0.3333333333333333,0.6000000000000001,0.6000000000000001,0.2857142857142857,0.857142857142857,0.125,-0.14285714285714285,1.0,0.3333333333333333,1.0
51,SIBGAX0G3P,cp,0,Diverse,622.76,396.0,-0.1960759789821943,0.0081957984648535,0.16,0.56,0.28,774.6503198294243,111.0,1407,0.1449893390191897,0.4754797441364605,0.3795309168443497,1509,1016.6,1342.0,0.31233406090099114,0.23974074335692291,0.4,0.6,0.0,1.0555555555555556,-0.1111111111111111,-2.0,1.0,1.2,0.6000000000000001,0.2857142857142857,-0.7142857142857142,1.375,0.5714285714285714,-0.2,0.6666666666666666,1.0
52,SIBGAX0G3P,fair,1,Diverse,73.88,50.0,-0.904627935845598,0.2686583191255264,0.0,0.08,0.92,774.6503198294243,111.0,1407,0.1449893390191897,0.4754797441364605,0.3795309168443497,281,94.8,43.0,-0.8776222024656563,0.16948819432770468,0.0,0.2,0.8,1.0555555555555556,-0.1111111111111111,-2.4,0.0,-0.6000000000000001,-1.2,-0.5714285714285714,-1.714285714285714,-1.375,-0.7142857142857142,-0.20000000000000007,-2.6666666666666665,-0.5
53,SIBGAX0G3P,base,2,Diverse,658.76,580.0,-0.1496033976400385,0.2727504273413206,0.04,0.96,0.0,774.6503198294243,111.0,1407,0.1449893390191897,0.4754797441364605,0.3795309168443497,215,832.4,1097.0,0.07454935303362675,0.33100532955104195,0.0,1.0,0.0,1.0555555555555556,-0.1111111111111111,-0.2,0.6666666666666666,0.4,0.6000000000000001,0.9999999999999998,0.2857142857142857,0.375,0.5714285714285714,-0.2,0.6666666666666666,1.0
54,50D6P5Z9M0,cp,0,Diverse,591.6,357.0,-0.1296101393124396,0.0046657782687696,0.2,0.4,0.4,679.6954177897574,63.0,371,0.1725067385444744,0.3477088948787062,0.4797843665768194,103,862.6,868.0,0.26909785975167266,0.07763417792857316,0.4,0.4,0.2,-0.5,-0.33333333333333337,-0.6000000000000001,0.3333333333333333,-0.2,0.2,0.2857142857142857,0.2857142857142857,0.625,0.2857142857142857,1.6,0.6666666666666666,1.5
55,50D6P5Z9M0,base,1,Diverse,697.48,467.0,0.0261655172960777,0.3159238281856325,0.16,0.84,0.0,679.6954177897574,63.0,371,0.1725067385444744,0.3477088948787062,0.4797843665768194,38,977.6,1150.0,0.43829129108884207,0.30668780083478536,0.2,0.8,0.0,-0.5,-0.33333333333333337,0.4,0.3333333333333333,1.0,0.8,0.8571428571428571,0.2857142857142857,0.875,0.42857142857142855,1.2000000000000002,0.6666666666666666,1.0
56,50D6P5Z9M0,fair,2,Diverse,116.88,47.0,-0.8280406238722751,0.1839098435117691,0.04,0.04,0.92,679.6954177897574,63.0,371,0.1725067385444744,0.3477088948787062,0.4797843665768194,48,205.0,41.0,-0.6983943180511327,0.13000708065892527,0.0,0.2,0.8,-0.5,-0.33333333333333337,0.0,0.6666666666666666,0.6000000000000001,1.4,1.7142857142857142,0.9999999999999998,1.125,0.42857142857142855,1.6,0.6666666666666666,1.0
57,AE841B2FOZ,base,0,Niche,424.08,332.0,0.3331369661266569,0.2757125537925463,0.0,1.0,0.0,318.1068493150685,90.0,1095,0.0429223744292237,0.5461187214611872,0.410958904109589,102,553.8,487.0,0.7409244761388005,0.27571255379254633,0.0,1.0,0.0,1.0,1.2222222222222223,1.4,0.3333333333333333,1.4,0.6000000000000001,2.142857142857143,0.8571428571428571,0.625,1.2857142857142856,1.7999999999999998,-0.6666666666666666,1.0
58,AE841B2FOZ,fair,1,Niche,62.68,46.0,-0.8029592882550017,0.2339725231206511,0.0,0.08,0.92,318.1068493150685,90.0,1095,0.0429223744292237,0.5461187214611872,0.410958904109589,78,47.4,47.0,-0.850993463039041,0.3859884991301598,0.0,0.0,1.0,1.0,1.2222222222222223,-2.2,2.0,1.6,-1.0,1.714285714285714,1.714285714285714,0.875,1.5714285714285712,2.0,1.3333333333333333,2.0
59,AE841B2FOZ,cp,2,Niche,309.44,195.0,-0.0272450886666838,0.0021668389363885,0.04,0.6,0.36,318.1068493150685,90.0,1095,0.0429223744292237,0.5461187214611872,0.410958904109589,73,210.8,187.0,-0.3373295782411354,0.02242843640745874,0.0,0.6,0.4,1.0,1.2222222222222223,1.4,1.3333333333333333,0.6000000000000001,0.8000000000000002,0.2857142857142857,1.0,0.75,-0.2857142857142857,0.6000000000000001,-0.3333333333333333,1.5
60,WFZTMKTIO8,cp,0,Niche,553.88,476.0,0.5070799532971216,0.0075355076804387,0.08,0.56,0.36,367.5186567164179,64.5,268,0.0597014925373134,0.4813432835820895,0.458955223880597,159,1923.6,923.0,4.2340200010152795,0.07126892247275302,0.2,0.6,0.2,-0.11111111111111102,0.6666666666666666,-0.6000000000000001,0.3333333333333333,-1.2,0.4,-0.857142857142857,-1.2857142857142856,-0.75,-0.5714285714285714,-2.0,-1.3333333333333333,-1.0
61,WFZTMKTIO8,fair,1,Niche,105.92,47.0,-0.71179694400731,0.2013867436877341,0.0,0.08,0.92,367.5186567164179,64.5,268,0.0597014925373134,0.4813432835820895,0.458955223880597,77,84.0,52.0,-0.7714401746281537,0.10677331170865417,0.0,0.2,0.8,-0.11111111111111102,0.6666666666666666,-0.2,1.0,-0.2,0.4,0.14285714285714285,-0.7142857142857142,0.875,-0.5714285714285714,0.6000000000000001,-1.0,0.0
62,WFZTMKTIO8,base,2,Niche,806.24,819.0,1.193738971521397,0.2809117022096933,0.08,0.92,0.0,367.5186567164179,64.5,268,0.0597014925373134,0.4813432835820895,0.458955223880597,147,2002.6,819.0,4.4489750748768975,0.2872132335450841,0.2,0.8,0.0,-0.11111111111111102,0.6666666666666666,0.4,0.0,-0.8,-1.2000000000000002,-1.4285714285714284,-1.9999999999999998,-1.75,-1.1428571428571428,-2.0,-1.0,-1.0
63,Z4ISRTP4DB,fair,0,Niche,99.76,49.0,-0.7640208823265726,0.2380948312120927,0.0,0.08,0.92,422.7492711370263,82.5,1372,0.0685131195335276,0.5225947521865889,0.4088921282798833,730,45.8,46.0,-0.8916615518299621,0.3878301862193963,0.0,0.0,1.0,0.3333333333333333,0.8888888888888888,-1.4,0.3333333333333333,1.2000000000000002,-1.0,2.142857142857143,1.1428571428571426,0.875,1.4285714285714284,0.8,1.0,1.5
64,Z4ISRTP4DB,cp,1,Niche,469.32,307.0,0.1101615828638027,0.0061670617128552,0.08,0.6,0.32,422.7492711370263,82.5,1372,0.0685131195335276,0.5225947521865889,0.4088921282798833,327,471.2,331.0,0.1146086632690356,0.08177848442836295,0.0,0.8,0.2,0.3333333333333333,0.8888888888888888,-0.8,0.3333333333333333,1.5999999999999999,0.6000000000000001,1.5714285714285712,1.9999999999999996,1.375,1.2857142857142854,1.2,1.3333333333333333,2.0
65,Z4ISRTP4DB,base,2,Niche,493.48,380.0,0.1673112970076481,0.2936126587541497,0.0,1.0,0.0,422.7492711370263,82.5,1372,0.0685131195335276,0.5225947521865889,0.4088921282798833,212,535.4,542.0,0.266471728171141,0.2936126587541497,0.0,1.0,0.0,0.3333333333333333,0.8888888888888888,-0.8,0.3333333333333333,0.8,0.8,0.7142857142857142,0.14285714285714285,0.375,0.5714285714285714,0.6000000000000001,0.6666666666666666,0.5
66,T3V46CNZWS,base,0,Diverse,869.68,774.0,0.2091042660694384,0.172761611949521,0.08,0.92,0.0,719.2762645914397,208.0,1285,0.1346303501945525,0.5844357976653697,0.2809338521400778,564,1025.8,913.0,0.4261557769915716,0.15725755158725074,0.2,0.8,0.0,-1.3333333333333333,0.6666666666666666,-1.0000000000000002,0.0,0.8,0.4,0.857142857142857,0.14285714285714285,1.125,0.42857142857142855,0.8,-0.3333333333333333,0.5
67,T3V46CNZWS,cp,1,Diverse,752.0,724.0,0.0454953639088144,0.0078466515589931,0.12,0.68,0.2,719.2762645914397,208.0,1285,0.1346303501945525,0.5844357976653697,0.2809338521400778,225,2044.2,774.0,1.8420234347106366,0.1902212925714241,0.4,0.6,0.0,-1.3333333333333333,0.6666666666666666,-1.4000000000000001,0.3333333333333333,0.2,0.4,1.1428571428571428,1.1428571428571426,1.25,0.7142857142857142,0.6000000000000001,-0.3333333333333333,1.5
68,T3V46CNZWS,fair,2,Diverse,324.28,53.0,-0.5491579300420873,0.1385943968011101,0.0,0.36,0.64,719.2762645914397,208.0,1285,0.1346303501945525,0.5844357976653697,0.2809338521400778,275,452.4,486.0,-0.3710344379888994,0.08440609985201486,0.0,0.8,0.2,-1.3333333333333333,0.6666666666666666,-1.8,0.3333333333333333,0.6000000000000001,-0.2,1.4285714285714284,0.2857142857142857,1.125,0.5714285714285714,0.6000000000000001,-0.3333333333333333,0.5
69,6XNM0KB28G,fair,0,Niche,226.52,53.0,-0.676232950493395,0.1864670337130714,0.0,0.32,0.68,699.6388308977035,216.0,1437,0.1217814892136395,0.6492693110647182,0.2289491997216423,1297,279.2,233.0,-0.6009369582277764,0.07858318768464145,0.0,0.6,0.4,-1.0555555555555556,1.1111111111111112,-0.8,1.6666666666666665,1.0000000000000002,0.2,2.2857142857142856,1.9999999999999996,1.625,1.0,2.2,0.0,3.0
70,6XNM0KB28G,cp,1,Niche,642.24,579.0,-0.082040659212776,0.005754871796634,0.12,0.72,0.16,699.6388308977035,216.0,1437,0.1217814892136395,0.6492693110647182,0.2289491997216423,236,1090.4,795.0,0.5585184124227534,0.1715582154926178,0.4,0.6,0.0,-1.0555555555555556,1.1111111111111112,0.20000000000000007,0.3333333333333333,-0.4,1.2,1.7142857142857142,1.2857142857142856,1.25,0.5714285714285714,1.4,0.3333333333333333,2.0
71,6XNM0KB28G,base,2,Niche,659.16,645.0,-0.0578567528131126,0.1518719980562336,0.04,0.96,0.0,699.6388308977035,216.0,1437,0.1217814892136395,0.6492693110647182,0.2289491997216423,51,1009.0,813.0,0.4421726688688169,0.1270656714194801,0.2,0.8,0.0,-1.0555555555555556,1.1111111111111112,0.8000000000000003,1.1102230246251565e-16,-1.4000000000000001,2.6,1.0,-0.857142857142857,0.5,-0.14285714285714285,-0.6000000000000001,0.3333333333333333,1.0
72,4JUIIVYHRN,cp,0,Niche,531.52,292.0,0.2801679367682947,0.0036152607273244,0.08,0.52,0.4,415.19552609776304,65.0,1207,0.0671085335542667,0.4631317315658658,0.4697597348798674,200,683.8,292.0,0.6469348945705898,0.29262105320863263,0.2,0.8,0.0,0.0,0.3333333333333333,0.6000000000000001,0.6666666666666666,1.0,-0.6000000000000001,0.5714285714285714,0.857142857142857,0.75,0.5714285714285714,1.0,-1.0,0.0
73,4JUIIVYHRN,fair,1,Niche,156.84,50.0,-0.6222502648955084,0.2069056828223891,0.04,0.04,0.92,415.19552609776304,65.0,1207,0.0671085335542667,0.4631317315658658,0.4697597348798674,108,590.8,50.0,0.42294404169684774,0.06939060331848318,0.2,0.2,0.6,0.0,0.3333333333333333,0.4,-0.3333333333333333,-0.20000000000000007,-1.0,-0.42857142857142855,-0.9999999999999998,0.5,-0.5714285714285714,-1.0,-1.0,0.0
74,4JUIIVYHRN,base,2,Niche,813.0,824.0,0.9581135847994876,0.2877913927850601,0.12,0.88,0.0,415.19552609776304,65.0,1207,0.0671085335542667,0.4631317315658658,0.4697597348798674,114,731.8,519.0,0.7625430766989729,0.29262105320863263,0.2,0.8,0.0,0.0,0.3333333333333333,0.8,0.0,1.0,1.0,0.7142857142857142,0.5714285714285714,0.625,0.2857142857142857,1.0,-0.6666666666666666,1.0
75,QIMDN29QS3,fair,0,Niche,72.56,48.0,-0.5457482749315755,0.1415421448477408,0.0,0.08,0.92,159.73522167487684,48.5,812,0.0123152709359605,0.4433497536945813,0.5443349753694581,458,132.4,46.0,-0.17112832967117683,0.0578416966561269,0.0,0.2,0.8,0.9444444444444444,1.111111111111111,-2.0,-0.6666666666666665,-1.8000000000000003,0.6000000000000001,-1.2857142857142856,-2.2857142857142856,0.0,-1.5714285714285712,1.0,-0.6666666666666666,-0.5
76,QIMDN29QS3,base,1,Niche,398.8,349.0,1.4966315870629507,0.3577983164465094,0.0,1.0,0.0,159.73522167487684,48.5,812,0.0123152709359605,0.4433497536945813,0.5443349753694581,230,339.0,253.0,1.122262056204464,0.3577983164465094,0.0,1.0,0.0,0.9444444444444444,1.111111111111111,-2.0,-1.0,0.2,-1.4000000000000001,-0.857142857142857,-2.285714285714285,0.0,-1.1428571428571428,0.2,-1.3333333333333333,-1.0
77,QIMDN29QS3,cp,2,Niche,298.12,170.0,0.8663385374503683,0.0117615400764661,0.04,0.52,0.44,159.73522167487684,48.5,812,0.0123152709359605,0.4433497536945813,0.5443349753694581,51,450.4,253.0,1.8196661655294708,0.08103515314770134,0.2,0.4,0.4,0.9444444444444444,1.111111111111111,-1.2000000000000002,-0.33333333333333337,-1.0,0.4,-1.2857142857142856,-1.714285714285714,-1.0,-1.2857142857142856,0.6000000000000001,-1.3333333333333333,-1.5
78,WVNSDGJT5R,cp,0,Diverse,600.24,496.0,-0.3290085237738341,0.0070596569049738,0.2,0.56,0.24,894.5568181818181,159.5,1320,0.1984848484848485,0.4765151515151515,0.325,436,916.4,915.0,0.024417880870415805,0.03820744550415384,0.4,0.4,0.2,-2.7755575615628914e-17,0.1111111111111111,-0.2,0.3333333333333333,0.6000000000000001,0.4,0.7142857142857142,0.9999999999999998,1.5,-0.14285714285714285,-1.0,-0.6666666666666666,1.5
79,WVNSDGJT5R,base,1,Diverse,609.64,508.0,-0.3185005271782624,0.2637919238348485,0.04,0.96,0.0,894.5568181818181,159.5,1320,0.1984848484848485,0.4765151515151515,0.325,295,525.6,496.0,-0.41244648823058644,0.33016009184601325,0.0,1.0,0.0,-2.7755575615628914e-17,0.1111111111111111,-0.2,0.3333333333333333,0.4,0.4,0.7142857142857142,0.9999999999999998,1.625,0.14285714285714285,-0.4000000000000001,-1.0,2.0
80,WVNSDGJT5R,fair,2,Diverse,85.24,51.0,-0.9047125925737732,0.3190923766928969,0.0,0.08,0.92,894.5568181818181,159.5,1320,0.1984848484848485,0.4765151515151515,0.325,527,169.4,51.0,-0.8106324868840589,0.21587867150473566,0.0,0.2,0.8,-2.7755575615628914e-17,0.1111111111111111,-1.0,0.3333333333333333,1.6,0.2,0.2857142857142857,0.14285714285714285,0.625,0.14285714285714285,-0.2,-1.0,2.0
81,G2WKWJH2HY,base,0,Niche,345.68,271.0,0.9368533996167988,0.3638898970910507,0.0,1.0,0.0,178.47504621072088,44.0,541,0.0184842883548983,0.4362292051756007,0.5452865064695009,206,226.0,195.0,0.2662834653824246,0.3638898970910507,0.0,1.0,0.0,0.3888888888888889,0.7777777777777777,-0.4,-0.3333333333333333,-0.8,1.2,-0.7142857142857142,-0.9999999999999998,0.0,-0.9999999999999998,-0.8,-1.0,0.0
82,G2WKWJH2HY,fair,1,Niche,59.52,44.0,-0.6665080006214074,0.1417217271819723,0.0,0.08,0.92,178.47504621072088,44.0,541,0.0184842883548983,0.4362292051756007,0.5452865064695009,250,45.6,45.0,-0.7445020972502718,0.2763375845392247,0.0,0.0,1.0,0.3888888888888889,0.7777777777777777,-1.0,0.3333333333333333,-0.6000000000000001,1.0,0.0,-0.5714285714285714,0.375,-0.9999999999999998,-0.4,-1.0,1.0
83,G2WKWJH2HY,cp,2,Niche,250.08,96.0,0.4012042877116671,0.0051779176061103,0.04,0.48,0.48,178.47504621072088,44.0,541,0.0184842883548983,0.4362292051756007,0.5452865064695009,113,112.8,41.0,-0.3679788721454093,0.059146866631196574,0.0,0.2,0.8,0.3888888888888889,0.7777777777777777,-0.6000000000000001,-0.3333333333333333,-1.0,0.4000000000000001,-0.7142857142857142,-0.9999999999999998,0.0,-0.9999999999999998,-1.0,-1.0,0.0
84,ZDTPZMDCUB,base,0,Niche,645.44,543.0,0.2160139756931373,0.2256509613739241,0.08,0.92,0.0,530.7833733013589,103.0,1251,0.1047162270183852,0.5251798561151079,0.3701039168665068,206,987.0,777.0,0.8595156699447298,0.21668629245273355,0.2,0.8,0.0,-1.7222222222222228,-1.6666666666666667,1.2,0.3333333333333333,-1.0,0.4,0.0,-1.2857142857142854,-0.375,-0.7142857142857142,-1.0,-1.0,-0.5
85,ZDTPZMDCUB,fair,1,Niche,125.2,47.0,-0.7641222270748934,0.2717669851998898,0.0,0.08,0.92,530.7833733013589,103.0,1251,0.1047162270183852,0.5251798561151079,0.3701039168665068,300,537.6,47.0,0.012842577672023093,0.3318408208527408,0.2,0.0,0.8,-1.7222222222222228,-1.6666666666666667,0.4,1.0,0.2,-0.2,0.14285714285714285,-1.1428571428571426,0.125,-0.14285714285714285,0.8,-0.6666666666666666,0.5
86,ZDTPZMDCUB,cp,2,Niche,553.72,343.0,0.043212782940016,0.0066897274019879,0.12,0.6,0.28,530.7833733013589,103.0,1251,0.1047162270183852,0.5251798561151079,0.3701039168665068,85,1467.4,1415.0,1.7645930031174233,0.32989956281165456,0.6,0.4,0.0,-1.7222222222222228,-1.6666666666666667,0.2,-0.6666666666666666,-2.0,0.4000000000000001,-0.7142857142857142,-1.8571428571428568,-0.75,-1.2857142857142856,0.0,-1.6666666666666665,-0.5
87,2KCJJZJ8TQ,fair,0,Diverse,790.52,635.0,-0.486028480252904,0.1132144435539629,0.04,0.88,0.08,1538.061876247505,585.5,2004,0.3068862275449102,0.5643712574850299,0.1287425149700598,113,768.6,608.0,-0.5002801825663893,0.17380916317317174,0.0,0.8,0.2,-1.277777777777778,-0.7777777777777777,0.8,0.3333333333333333,0.4000000000000001,0.2,1.7142857142857142,1.4285714285714284,0.75,0.7142857142857142,0.8,-0.6666666666666666,0.5
88,2KCJJZJ8TQ,base,1,Diverse,863.04,800.0,-0.4388782315405889,0.1466103964757449,0.08,0.92,0.0,1538.061876247505,585.5,2004,0.3068862275449102,0.5643712574850299,0.1287425149700598,64,563.8,433.0,-0.6334347735244995,0.2621508939153967,0.0,1.0,0.0,-1.277777777777778,-0.7777777777777777,1.8000000000000003,-0.33333333333333326,-1.2000000000000002,1.0,0.0,0.14285714285714285,0.0,0.0,-0.4,-1.6666666666666665,0.0
89,2KCJJZJ8TQ,cp,2,Diverse,1081.28,994.0,-0.2969853705508527,0.0046354230013948,0.32,0.6,0.08,1538.061876247505,585.5,2004,0.3068862275449102,0.5643712574850299,0.1287425149700598,74,1470.8,1335.0,-0.043731580169978385,0.06920106407231835,0.4,0.6,0.0,-1.277777777777778,-0.7777777777777777,0.8,0.0,0.2,1.0,0.5714285714285714,1.0,0.125,-0.2857142857142857,-0.2,-1.6666666666666665,1.5
90,B44P0PXVWX,base,0,Niche,652.24,637.0,0.5343844486451261,0.3350608835016445,0.0,1.0,0.0,425.08251473477407,73.5,1018,0.0785854616895874,0.4705304518664047,0.4508840864440078,297,568.8,437.0,0.33809314729140755,0.33506088350164465,0.0,1.0,0.0,-0.7222222222222221,0.3333333333333333,0.2,1.6666666666666665,1.2,0.0,1.857142857142857,1.5714285714285712,1.75,1.9999999999999998,2.2,1.6666666666666665,2.5
91,B44P0PXVWX,fair,1,Niche,82.36,47.0,-0.8062493818373412,0.2090381174738167,0.0,0.08,0.92,425.08251473477407,73.5,1018,0.0785854616895874,0.4705304518664047,0.4508840864440078,310,140.8,54.0,-0.6687701913877809,0.04901318215368391,0.0,0.4,0.6,-0.7222222222222221,0.3333333333333333,-0.2,1.6666666666666665,1.2,-0.2,2.142857142857143,1.2857142857142854,1.75,1.4285714285714284,1.2,1.6666666666666665,2.0
92,B44P0PXVWX,cp,2,Niche,498.8,267.0,0.1734192367597647,0.0064913343875318,0.08,0.56,0.36,425.08251473477407,73.5,1018,0.0785854616895874,0.4705304518664047,0.4508840864440078,63,866.6,861.0,1.0386630123817404,0.06119984993689864,0.2,0.6,0.2,-0.7222222222222221,0.3333333333333333,-0.4,2.333333333333333,1.6,-0.8,2.714285714285714,2.142857142857143,2.5,2.0,2.2,2.333333333333333,2.0
93,C0MO9CFU9G,fair,0,Niche,114.04,46.0,-0.7577265717485202,0.2345723224000926,0.0,0.08,0.92,470.7078313253012,82.5,996,0.0963855421686747,0.4859437751004016,0.4176706827309236,362,227.8,46.0,-0.5160479923212286,0.13656362177426334,0.0,0.2,0.8,-0.22222222222222215,-0.1111111111111111,-0.2,1.6666666666666665,0.4,0.0,1.4285714285714284,0.857142857142857,0.625,0.857142857142857,0.8,0.3333333333333333,1.0
94,C0MO9CFU9G,cp,1,Niche,522.16,380.0,0.1093080787074067,0.0075020465141624,0.12,0.56,0.32,470.7078313253012,82.5,996,0.0963855421686747,0.4859437751004016,0.4176706827309236,135,446.8,592.0,-0.05079123340265551,0.05265898822543058,0.0,0.6,0.4,-0.22222222222222215,-0.1111111111111111,0.0,0.6666666666666666,-0.6000000000000001,0.8,0.8571428571428571,0.2857142857142857,0.25,0.5714285714285714,-1.2,-0.6666666666666666,0.0
95,C0MO9CFU9G,base,2,Niche,606.76,591.0,0.2890374020156775,0.3225133923575579,0.0,1.0,0.0,470.7078313253012,82.5,996,0.0963855421686747,0.4859437751004016,0.4176706827309236,83,1068.8,753.0,1.2706229403295473,0.25012521739233373,0.2,0.8,0.0,-0.22222222222222215,-0.1111111111111111,0.20000000000000007,-0.6666666666666666,-0.2,1.0000000000000002,0.9999999999999999,0.0,0.5,0.5714285714285714,-0.4,-1.0,-0.5
96,BQRVR7N6N0,fair,0,Diverse,523.76,487.0,-0.6495794275058792,0.1116037554751391,0.04,0.52,0.44,1494.6611047180668,433.5,1738,0.2940161104718067,0.5046029919447641,0.2013808975834292,537,863.2,726.0,-0.42247777956139243,0.3076402374245232,0.0,1.0,0.0,-0.1111111111111111,-0.1111111111111111,-0.6000000000000001,1.0,0.2,0.0,2.0,0.857142857142857,1.875,1.1428571428571426,0.8,0.0,2.0
97,BQRVR7N6N0,base,1,Diverse,882.44,831.0,-0.4096052963347488,0.1919829256958616,0.08,0.92,0.0,1494.6611047180668,433.5,1738,0.2940161104718067,0.5046029919447641,0.2013808975834292,310,780.2,768.0,-0.47800876229587397,0.3076402374245232,0.0,1.0,0.0,-0.1111111111111111,-0.1111111111111111,-0.8,1.0,1.0,0.0,1.857142857142857,0.9999999999999998,1.125,0.5714285714285714,1.0,0.0,1.0
98,BQRVR7N6N0,cp,2,Diverse,1025.44,992.0,-0.3139314345150999,0.0089509780314043,0.32,0.56,0.12,1494.6611047180668,433.5,1738,0.2940161104718067,0.5046029919447641,0.2013808975834292,115,1296.8,1462.0,-0.13237857337258319,0.14360869982184288,0.6,0.4,0.0,-0.1111111111111111,-0.1111111111111111,0.2,1.0,0.8,0.6000000000000001,1.5714285714285714,0.857142857142857,1.25,0.9999999999999998,1.0,0.0,1.0
99,GPM2I6EIUZ,base,0,Diverse,844.0,748.0,-0.0523614211549167,0.1712606037953215,0.24,0.76,0.0,890.634909596662,183.5,1438,0.1842837273991655,0.5132127955493742,0.3025034770514603,89,1049.4,1085.0,0.1782605742180455,0.18311017184771688,0.4,0.6,0.0,-1.3888888888888888,-2.2222222222222223,1.6,1.9999999999999998,2.0,0.20000000000000007,1.9999999999999996,1.8571428571428568,1.25,1.4285714285714284,1.2,1.0,2.0
100,GPM2I6EIUZ,cp,1,Diverse,668.72,646.0,-0.2491648454439762,0.0035708597919403,0.2,0.56,0.24,890.634909596662,183.5,1438,0.1842837273991655,0.5132127955493742,0.3025034770514603,83,832.2,748.0,-0.06561039654635273,0.04208553907823862,0.4,0.4,0.2,-1.3888888888888888,-2.2222222222222223,1.0,-0.6666666666666666,2.0,0.2,0.857142857142857,0.2857142857142857,0.75,0.857142857142857,1.2,0.6666666666666666,1.0
101,GPM2I6EIUZ,fair,2,Diverse,85.28,46.0,-0.9042480829337576,0.3373465812034191,0.0,0.08,0.92,890.634909596662,183.5,1438,0.1842837273991655,0.5132127955493742,0.3025034770514603,6228,41.2,43.0,-0.9537408655824438,0.490780104617401,0.0,0.0,1.0,-1.3888888888888888,-2.2222222222222223,-1.0,1.3333333333333333,2.0,-2.0,1.9999999999999996,1.9999999999999996,2.0,1.2857142857142856,2.0,2.0,2.0
